Date,Product,Customer Code,Customer Name,Customer Internal Rating,Legal Entity,Facility ID,Agreement,Term,Term End Date,Max Avail,Product Limit,Product Exposure,Product Avail,Cust Limit,Cust Exposure,Cust Avail,Conn Limit,Conn Exposure,Conn Avail,Facility Limit (Cust Level),Facility Exposure (Cust Level),Facility Avail (Cust Level),Agreement Limit (Cust Level),Agreement Exposure (Cust Level),Agreement Avail (Cust Level),Facility Limit (Conn Level),Facility Exposure (Conn Level),Facility Avail (Conn Level),Country,Country Rating,CSA Agreement,Netting Agreement,Measure,Product Limit Currency,Agreement Limit Currency,Customer Limit Currency,Connection Limit Currency,Facility Cust Currency,Facility Conn Currency,Connection Code
2026-01-27,Derivative Products,RBC,Royal Bank of Canada,10,BCMC,76831,RBC_AGR_001,36,2027-12-31,200000000,200000000,80000000,120000000,400000000,150000000,250000000,500000000,180000000,320000000,200000000,80000000,120000000,400000000,150000000,250000000,200000000,80000000,120000000,CANADA,AAA,N,N,Notional,CAD,CAD,CAD,CAD,CAD,CAD,RBCGRP
2026-01-27,FX Forward,RBC,Royal Bank of Canada,10,BCMC,76830,RBC_AGR_001,36,2027-12-31,150000000,150000000,45000000,105000000,400000000,150000000,250000000,500000000,180000000,320000000,150000000,45000000,105000000,400000000,150000000,250000000,150000000,45000000,105000000,CANADA,AAA,Y,Y,Notional,CAD,CAD,CAD,CAD,CAD,CAD,RBCGRP
2026-01-27,Interest Rate Products,RBC,Royal Bank of Canada,10,BCMC,76832,RBC_AGR_001,36,2027-12-31,100000000,100000000,25000000,75000000,400000000,150000000,250000000,500000000,180000000,320000000,100000000,25000000,75000000,400000000,150000000,250000000,100000000,25000000,75000000,CANADA,AAA,Y,Y,Notional,CAD,CAD,CAD,CAD,CAD,CAD,RBCGRP
2026-01-27,Equity Products,RBC,Royal Bank of Canada,10,BMO,76833,RBC_AGR_002,36,2027-12-31,50000000,50000000,10000000,40000000,100000000,20000000,80000000,500000000,180000000,320000000,50000000,10000000,40000000,100000000,20000000,80000000,50000000,10000000,40000000,CANADA,AAA,N,N,Notional,CAD,CAD,CAD,CAD,CAD,CAD,RBCGRP
2026-02-27,Derivative Products,RBC,Royal Bank of Canada,10,BCMC,76831,RBC_AGR_001,36,2027-12-31,200000000,200000000,80000000,120000000,400000000,150000000,250000000,500000000,180000000,320000000,200000000,80000000,120000000,400000000,150000000,250000000,200000000,80000000,120000000,CANADA,AAA,N,N,Notional,CAD,CAD,CAD,CAD,CAD,CAD,RBCGRP
2026-02-27,FX Forward,RBC,Royal Bank of Canada,10,BCMC,76830,RBC_AGR_001,36,2027-12-31,150000000,150000000,45000000,105000000,400000000,150000000,250000000,500000000,180000000,320000000,150000000,45000000,105000000,400000000,150000000,250000000,150000000,45000000,105000000,CANADA,AAA,Y,Y,Notional,CAD,CAD,CAD,CAD,CAD,CAD,RBCGRP
2026-02-27,Interest Rate Products,RBC,Royal Bank of Canada,10,BCMC,76832,RBC_AGR_001,36,2027-12-31,100000000,100000000,25000000,75000000,400000000,150000000,250000000,500000000,180000000,320000000,100000000,25000000,75000000,400000000,150000000,250000000,100000000,25000000,75000000,CANADA,AAA,Y,Y,Notional,CAD,CAD,CAD,CAD,CAD,CAD,RBCGRP
2026-02-27,Equity Products,RBC,Royal Bank of Canada,10,BMO,76833,RBC_AGR_002,36,2027-12-31,50000000,50000000,10000000,40000000,100000000,20000000,80000000,500000000,180000000,320000000,50000000,10000000,40000000,100000000,20000000,80000000,50000000,10000000,40000000,CANADA,AAA,N,N,Notional,CAD,CAD,CAD,CAD,CAD,CAD,RBCGRP
2026-03-25,Derivative Products,RBC,Royal Bank of Canada,10,BCMC,76831,RBC_AGR_001,36,2027-12-31,200000000,200000000,80000000,120000000,400000000,150000000,250000000,500000000,180000000,320000000,200000000,80000000,120000000,400000000,150000000,250000000,200000000,80000000,120000000,CANADA,AAA,N,N,Notional,CAD,CAD,CAD,CAD,CAD,CAD,RBCGRP
2026-03-25,FX Forward,RBC,Royal Bank of Canada,10,BCMC,76830,RBC_AGR_001,36,2027-12-31,150000000,150000000,45000000,105000000,400000000,150000000,250000000,500000000,180000000,320000000,150000000,45000000,105000000,400000000,150000000,250000000,150000000,45000000,105000000,CANADA,AAA,Y,Y,Notional,CAD,CAD,CAD,CAD,CAD,CAD,RBCGRP
2026-03-25,Interest Rate Products,RBC,Royal Bank of Canada,10,BCMC,76832,RBC_AGR_001,36,2027-12-31,100000000,100000000,25000000,75000000,400000000,150000000,250000000,500000000,180000000,320000000,100000000,25000000,75000000,400000000,150000000,250000000,100000000,25000000,75000000,CANADA,AAA,Y,Y,Notional,CAD,CAD,CAD,CAD,CAD,CAD,RBCGRP
2026-03-25,Equity Products,RBC,Royal Bank of Canada,10,BMO,76833,RBC_AGR_002,36,2027-12-31,50000000,50000000,10000000,40000000,100000000,20000000,80000000,500000000,180000000,320000000,50000000,10000000,40000000,100000000,20000000,80000000,50000000,10000000,40000000,CANADA,AAA,N,N,Notional,CAD,CAD,CAD,CAD,CAD,CAD,RBCGRP
2026-03-26,Derivative Products,RBC,Royal Bank of Canada,10,BCMC,76831,RBC_AGR_001,36,2027-12-31,200000000,200000000,80000000,120000000,400000000,150000000,250000000,500000000,180000000,320000000,200000000,80000000,120000000,400000000,150000000,250000000,200000000,80000000,120000000,CANADA,AAA,N,N,Notional,CAD,CAD,CAD,CAD,CAD,CAD,RBCGRP
2026-03-26,FX Forward,RBC,Royal Bank of Canada,10,BCMC,76830,RBC_AGR_001,36,2027-12-31,150000000,150000000,45000000,105000000,400000000,150000000,250000000,500000000,180000000,320000000,150000000,45000000,105000000,400000000,150000000,250000000,150000000,45000000,105000000,CANADA,AAA,Y,Y,Notional,CAD,CAD,CAD,CAD,CAD,CAD,RBCGRP
2026-03-26,Interest Rate Products,RBC,Royal Bank of Canada,10,BCMC,76832,RBC_AGR_001,36,2027-12-31,100000000,100000000,25000000,75000000,400000000,150000000,250000000,500000000,180000000,320000000,100000000,25000000,75000000,400000000,150000000,250000000,100000000,25000000,75000000,CANADA,AAA,Y,Y,Notional,CAD,CAD,CAD,CAD,CAD,CAD,RBCGRP
2026-03-26,Equity Products,RBC,Royal Bank of Canada,10,BMO,76833,RBC_AGR_002,36,2027-12-31,50000000,50000000,10000000,40000000,100000000,20000000,80000000,500000000,180000000,320000000,50000000,10000000,40000000,100000000,20000000,80000000,50000000,10000000,40000000,CANADA,AAA,N,N,Notional,CAD,CAD,CAD,CAD,CAD,CAD,RBCGRP
2026-03-27,Derivative Products,RBC,Royal Bank of Canada,10,BCMC,76831,RBC_AGR_001,36,2027-12-31,200000000,200000000,80000000,120000000,400000000,150000000,250000000,500000000,180000000,320000000,200000000,80000000,120000000,400000000,150000000,250000000,200000000,80000000,120000000,CANADA,AAA,N,N,Notional,CAD,CAD,CAD,CAD,CAD,CAD,RBCGRP
2026-03-27,FX Forward,RBC,Royal Bank of Canada,10,BCMC,76830,RBC_AGR_001,36,2027-12-31,150000000,150000000,45000000,105000000,400000000,150000000,250000000,500000000,180000000,320000000,150000000,45000000,105000000,400000000,150000000,250000000,150000000,45000000,105000000,CANADA,AAA,Y,Y,Notional,CAD,CAD,CAD,CAD,CAD,CAD,RBCGRP
2026-03-27,Interest Rate Products,RBC,Royal Bank of Canada,10,BCMC,76832,RBC_AGR_001,36,2027-12-31,100000000,100000000,25000000,75000000,400000000,150000000,250000000,500000000,180000000,320000000,100000000,25000000,75000000,400000000,150000000,250000000,100000000,25000000,75000000,CANADA,AAA,Y,Y,Notional,CAD,CAD,CAD,CAD,CAD,CAD,RBCGRP
2026-03-27,Equity Products,RBC,Royal Bank of Canada,10,BMO,76833,RBC_AGR_002,36,2027-12-31,50000000,50000000,10000000,40000000,100000000,20000000,80000000,500000000,180000000,320000000,50000000,10000000,40000000,100000000,20000000,80000000,50000000,10000000,40000000,CANADA,AAA,N,N,Notional,CAD,CAD,CAD,CAD,CAD,CAD,RBCGRP
2026-01-27,FX Forward,TD,Toronto-Dominion Bank,9,BCMC,77100,TD_AGR_001,36,2027-12-31,60000000,60000000,20000000,40000000,250000000,70000000,180000000,300000000,90000000,210000000,60000000,20000000,40000000,250000000,70000000,180000000,60000000,20000000,40000000,CANADA,AAA,Y,Y,Notional,CAD,CAD,CAD,CAD,CAD,CAD,TDGRP
2026-01-27,Derivative Products,TD,Toronto-Dominion Bank,9,BCMC,77101,TD_AGR_001,36,2027-12-31,80000000,80000000,30000000,50000000,250000000,70000000,180000000,300000000,90000000,210000000,80000000,30000000,50000000,250000000,70000000,180000000,80000000,30000000,50000000,CANADA,AAA,N,N,Notional,CAD,CAD,CAD,CAD,CAD,CAD,TDGRP
2026-01-27,Interest Rate Products,TD,Toronto-Dominion Bank,9,BNBI,77102,TD_AGR_002,36,2027-12-31,40000000,40000000,15000000,25000000,120000000,45000000,75000000,300000000,90000000,210000000,40000000,15000000,25000000,120000000,45000000,75000000,40000000,15000000,25000000,CANADA,AAA,Y,N,Notional,CAD,CAD,CAD,CAD,CAD,CAD,TDGRP
2026-02-27,FX Forward,TD,Toronto-Dominion Bank,9,BCMC,77100,TD_AGR_001,36,2027-12-31,60000000,60000000,25000000,35000000,250000000,75000000,175000000,300000000,95000000,205000000,60000000,25000000,35000000,250000000,75000000,175000000,60000000,25000000,35000000,CANADA,AAA,Y,Y,Notional,CAD,CAD,CAD,CAD,CAD,CAD,TDGRP
2026-02-27,Derivative Products,TD,Toronto-Dominion Bank,9,BCMC,77101,TD_AGR_001,36,2027-12-31,80000000,80000000,30000000,50000000,250000000,75000000,175000000,300000000,95000000,205000000,80000000,30000000,50000000,250000000,75000000,175000000,80000000,30000000,50000000,CANADA,AAA,N,N,Notional,CAD,CAD,CAD,CAD,CAD,CAD,TDGRP
2026-02-27,Interest Rate Products,TD,Toronto-Dominion Bank,9,BNBI,77102,TD_AGR_002,36,2027-12-31,40000000,40000000,15000000,25000000,120000000,45000000,75000000,300000000,95000000,205000000,40000000,15000000,25000000,120000000,45000000,75000000,40000000,15000000,25000000,CANADA,AAA,Y,N,Notional,CAD,CAD,CAD,CAD,CAD,CAD,TDGRP
2026-03-25,FX Forward,TD,Toronto-Dominion Bank,9,BCMC,77100,TD_AGR_001,36,2027-12-31,60000000,60000000,30000000,30000000,250000000,80000000,170000000,300000000,100000000,200000000,60000000,30000000,30000000,250000000,80000000,170000000,60000000,30000000,30000000,CANADA,AAA,Y,Y,Notional,CAD,CAD,CAD,CAD,CAD,CAD,TDGRP
2026-03-25,Derivative Products,TD,Toronto-Dominion Bank,9,BCMC,77101,TD_AGR_001,36,2027-12-31,80000000,80000000,30000000,50000000,250000000,80000000,170000000,300000000,100000000,200000000,80000000,30000000,50000000,250000000,80000000,170000000,80000000,30000000,50000000,CANADA,AAA,N,N,Notional,CAD,CAD,CAD,CAD,CAD,CAD,TDGRP
2026-03-25,Interest Rate Products,TD,Toronto-Dominion Bank,9,BNBI,77102,TD_AGR_002,36,2027-12-31,40000000,40000000,15000000,25000000,120000000,45000000,75000000,300000000,100000000,200000000,40000000,15000000,25000000,120000000,45000000,75000000,40000000,15000000,25000000,CANADA,AAA,Y,N,Notional,CAD,CAD,CAD,CAD,CAD,CAD,TDGRP
2026-03-26,FX Forward,TD,Toronto-Dominion Bank,9,BCMC,77100,TD_AGR_001,36,2027-12-31,60000000,60000000,35000000,25000000,250000000,85000000,165000000,300000000,105000000,195000000,60000000,35000000,25000000,250000000,85000000,165000000,60000000,35000000,25000000,CANADA,AAA,Y,Y,Notional,CAD,CAD,CAD,CAD,CAD,CAD,TDGRP
2026-03-26,Derivative Products,TD,Toronto-Dominion Bank,9,BCMC,77101,TD_AGR_001,36,2027-12-31,80000000,80000000,30000000,50000000,250000000,85000000,165000000,300000000,105000000,195000000,80000000,30000000,50000000,250000000,85000000,165000000,80000000,30000000,50000000,CANADA,AAA,N,N,Notional,CAD,CAD,CAD,CAD,CAD,CAD,TDGRP
2026-03-26,Interest Rate Products,TD,Toronto-Dominion Bank,9,BNBI,77102,TD_AGR_002,36,2027-12-31,40000000,40000000,15000000,25000000,120000000,45000000,75000000,300000000,105000000,195000000,40000000,15000000,25000000,120000000,45000000,75000000,40000000,15000000,25000000,CANADA,AAA,Y,N,Notional,CAD,CAD,CAD,CAD,CAD,CAD,TDGRP
2026-03-27,FX Forward,TD,Toronto-Dominion Bank,9,BCMC,77100,TD_AGR_001,36,2027-12-31,60000000,60000000,40000000,20000000,250000000,90000000,160000000,300000000,110000000,190000000,60000000,40000000,20000000,250000000,90000000,160000000,60000000,40000000,20000000,CANADA,AAA,Y,Y,Notional,CAD,CAD,CAD,CAD,CAD,CAD,TDGRP
2026-03-27,Derivative Products,TD,Toronto-Dominion Bank,9,BCMC,77101,TD_AGR_001,36,2027-12-31,80000000,80000000,30000000,50000000,250000000,90000000,160000000,300000000,110000000,190000000,80000000,30000000,50000000,250000000,90000000,160000000,80000000,30000000,50000000,CANADA,AAA,N,N,Notional,CAD,CAD,CAD,CAD,CAD,CAD,TDGRP
2026-03-27,Interest Rate Products,TD,Toronto-Dominion Bank,9,BNBI,77102,TD_AGR_002,36,2027-12-31,40000000,40000000,15000000,25000000,120000000,45000000,75000000,300000000,110000000,190000000,40000000,15000000,25000000,120000000,45000000,75000000,40000000,15000000,25000000,CANADA,AAA,Y,N,Notional,CAD,CAD,CAD,CAD,CAD,CAD,TDGRP
2026-01-27,Derivative Products,BMO_CP,Bank of Montreal,8,BCMC,78000,BMO_AGR_001,36,2027-12-31,120000000,120000000,55000000,65000000,300000000,110000000,190000000,400000000,140000000,260000000,120000000,55000000,65000000,300000000,110000000,190000000,120000000,55000000,65000000,CANADA,AAA,Y,Y,Notional,CAD,CAD,CAD,CAD,CAD,CAD,BMOGRP
2026-01-27,FX Forward,BMO_CP,Bank of Montreal,8,BCMC,78001,BMO_AGR_001,36,2027-12-31,80000000,80000000,30000000,50000000,300000000,110000000,190000000,400000000,140000000,260000000,80000000,30000000,50000000,300000000,110000000,190000000,80000000,30000000,50000000,CANADA,AAA,Y,Y,Notional,CAD,CAD,CAD,CAD,CAD,CAD,BMOGRP
2026-02-27,Derivative Products,BMO_CP,Bank of Montreal,8,BCMC,78000,BMO_AGR_001,36,2027-12-31,120000000,120000000,55000000,65000000,300000000,110000000,190000000,400000000,140000000,260000000,120000000,55000000,65000000,300000000,110000000,190000000,120000000,55000000,65000000,CANADA,AAA,Y,Y,Notional,CAD,CAD,CAD,CAD,CAD,CAD,BMOGRP
2026-02-27,FX Forward,BMO_CP,Bank of Montreal,8,BCMC,78001,BMO_AGR_001,36,2027-12-31,80000000,80000000,30000000,50000000,300000000,110000000,190000000,400000000,140000000,260000000,80000000,30000000,50000000,300000000,110000000,190000000,80000000,30000000,50000000,CANADA,AAA,Y,Y,Notional,CAD,CAD,CAD,CAD,CAD,CAD,BMOGRP
2026-03-25,Derivative Products,BMO_CP,Bank of Montreal,8,BCMC,78000,BMO_AGR_001,36,2027-12-31,120000000,120000000,55000000,65000000,300000000,110000000,190000000,400000000,140000000,260000000,120000000,55000000,65000000,300000000,110000000,190000000,120000000,55000000,65000000,CANADA,AAA,Y,Y,Notional,CAD,CAD,CAD,CAD,CAD,CAD,BMOGRP
2026-03-25,FX Forward,BMO_CP,Bank of Montreal,8,BCMC,78001,BMO_AGR_001,36,2027-12-31,80000000,80000000,30000000,50000000,300000000,110000000,190000000,400000000,140000000,260000000,80000000,30000000,50000000,300000000,110000000,190000000,80000000,30000000,50000000,CANADA,AAA,Y,Y,Notional,CAD,CAD,CAD,CAD,CAD,CAD,BMOGRP
2026-03-26,Derivative Products,BMO_CP,Bank of Montreal,8,BCMC,78000,BMO_AGR_001,36,2027-12-31,120000000,120000000,55000000,65000000,300000000,110000000,190000000,400000000,140000000,260000000,120000000,55000000,65000000,300000000,110000000,190000000,120000000,55000000,65000000,CANADA,AAA,Y,Y,Notional,CAD,CAD,CAD,CAD,CAD,CAD,BMOGRP
2026-03-26,FX Forward,BMO_CP,Bank of Montreal,8,BCMC,78001,BMO_AGR_001,36,2027-12-31,80000000,80000000,30000000,50000000,300000000,110000000,190000000,400000000,140000000,260000000,80000000,30000000,50000000,300000000,110000000,190000000,80000000,30000000,50000000,CANADA,AAA,Y,Y,Notional,CAD,CAD,CAD,CAD,CAD,CAD,BMOGRP
2026-03-27,Derivative Products,BMO_CP,Bank of Montreal,8,BCMC,78000,BMO_AGR_001,36,2027-12-31,120000000,120000000,55000000,65000000,300000000,110000000,190000000,400000000,140000000,260000000,120000000,55000000,65000000,300000000,110000000,190000000,120000000,55000000,65000000,CANADA,AAA,Y,Y,Notional,CAD,CAD,CAD,CAD,CAD,CAD,BMOGRP
2026-03-27,FX Forward,BMO_CP,Bank of Montreal,8,BCMC,78001,BMO_AGR_001,36,2027-12-31,80000000,80000000,30000000,50000000,300000000,110000000,190000000,400000000,140000000,260000000,80000000,30000000,50000000,300000000,110000000,190000000,80000000,30000000,50000000,CANADA,AAA,Y,Y,Notional,CAD,CAD,CAD,CAD,CAD,CAD,BMOGRP
2026-01-27,FX Forward,GS,Goldman Sachs,7,BCMC,79000,GS_AGR_001,36,2027-12-31,50000000,50000000,35000000,15000000,200000000,95000000,105000000,250000000,115000000,135000000,50000000,35000000,15000000,200000000,95000000,105000000,50000000,35000000,15000000,USA,AA,Y,Y,Notional,USD,USD,USD,USD,USD,USD,GSGRP
2026-01-27,Derivative Products,GS,Goldman Sachs,7,BCMC,79001,GS_AGR_001,36,2027-12-31,100000000,100000000,60000000,40000000,200000000,95000000,105000000,250000000,115000000,135000000,100000000,60000000,40000000,200000000,95000000,105000000,100000000,60000000,40000000,USA,AA,N,N,Notional,USD,USD,USD,USD,USD,USD,GSGRP
2026-01-27,Interest Rate Products,GS,Goldman Sachs,7,BMO,79002,GS_AGR_002,36,2027-12-31,75000000,75000000,20000000,55000000,80000000,25000000,55000000,250000000,115000000,135000000,75000000,20000000,55000000,80000000,25000000,55000000,75000000,20000000,55000000,USA,AA,N,N,Notional,USD,USD,USD,USD,USD,USD,GSGRP
2026-02-27,FX Forward,GS,Goldman Sachs,7,BCMC,79000,GS_AGR_001,36,2027-12-31,50000000,50000000,40000000,10000000,200000000,100000000,100000000,250000000,120000000,130000000,50000000,40000000,10000000,200000000,100000000,100000000,50000000,40000000,10000000,USA,AA,Y,Y,Notional,USD,USD,USD,USD,USD,USD,GSGRP
2026-02-27,Derivative Products,GS,Goldman Sachs,7,BCMC,79001,GS_AGR_001,36,2027-12-31,100000000,100000000,60000000,40000000,200000000,100000000,100000000,250000000,120000000,130000000,100000000,60000000,40000000,200000000,100000000,100000000,100000000,60000000,40000000,USA,AA,N,N,Notional,USD,USD,USD,USD,USD,USD,GSGRP
2026-02-27,Interest Rate Products,GS,Goldman Sachs,7,BMO,79002,GS_AGR_002,36,2027-12-31,75000000,75000000,20000000,55000000,80000000,25000000,55000000,250000000,120000000,130000000,75000000,20000000,55000000,80000000,25000000,55000000,75000000,20000000,55000000,USA,AA,N,N,Notional,USD,USD,USD,USD,USD,USD,GSGRP
2026-03-25,FX Forward,GS,Goldman Sachs,7,BCMC,79000,GS_AGR_001,36,2027-12-31,50000000,50000000,44000000,6000000,200000000,104000000,96000000,250000000,124000000,126000000,50000000,44000000,6000000,200000000,104000000,96000000,50000000,44000000,6000000,USA,AA,Y,Y,Notional,USD,USD,USD,USD,USD,USD,GSGRP
2026-03-25,Derivative Products,GS,Goldman Sachs,7,BCMC,79001,GS_AGR_001,36,2027-12-31,100000000,100000000,60000000,40000000,200000000,104000000,96000000,250000000,124000000,126000000,100000000,60000000,40000000,200000000,104000000,96000000,100000000,60000000,40000000,USA,AA,N,N,Notional,USD,USD,USD,USD,USD,USD,GSGRP
2026-03-25,Interest Rate Products,GS,Goldman Sachs,7,BMO,79002,GS_AGR_002,36,2027-12-31,75000000,75000000,20000000,55000000,80000000,25000000,55000000,250000000,124000000,126000000,75000000,20000000,55000000,80000000,25000000,55000000,75000000,20000000,55000000,USA,AA,N,N,Notional,USD,USD,USD,USD,USD,USD,GSGRP
2026-03-26,FX Forward,GS,Goldman Sachs,7,BCMC,79000,GS_AGR_001,36,2027-12-31,50000000,50000000,48000000,2000000,200000000,108000000,92000000,250000000,128000000,122000000,50000000,48000000,2000000,200000000,108000000,92000000,50000000,48000000,2000000,USA,AA,Y,Y,Notional,USD,USD,USD,USD,USD,USD,GSGRP
2026-03-26,Derivative Products,GS,Goldman Sachs,7,BCMC,79001,GS_AGR_001,36,2027-12-31,100000000,100000000,60000000,40000000,200000000,108000000,92000000,250000000,128000000,122000000,100000000,60000000,40000000,200000000,108000000,92000000,100000000,60000000,40000000,USA,AA,N,N,Notional,USD,USD,USD,USD,USD,USD,GSGRP
2026-03-26,Interest Rate Products,GS,Goldman Sachs,7,BMO,79002,GS_AGR_002,36,2027-12-31,75000000,75000000,20000000,55000000,80000000,25000000,55000000,250000000,128000000,122000000,75000000,20000000,55000000,80000000,25000000,55000000,75000000,20000000,55000000,USA,AA,N,N,Notional,USD,USD,USD,USD,USD,USD,GSGRP
2026-03-27,FX Forward,GS,Goldman Sachs,7,BCMC,79000,GS_AGR_001,36,2027-12-31,50000000,50000000,55000000,-5000000,200000000,115000000,85000000,250000000,135000000,115000000,50000000,55000000,-5000000,200000000,115000000,85000000,50000000,55000000,-5000000,USA,AA,Y,Y,Notional,USD,USD,USD,USD,USD,USD,GSGRP
2026-03-27,Derivative Products,GS,Goldman Sachs,7,BCMC,79001,GS_AGR_001,36,2027-12-31,100000000,100000000,60000000,40000000,200000000,115000000,85000000,250000000,135000000,115000000,100000000,60000000,40000000,200000000,115000000,85000000,100000000,60000000,40000000,USA,AA,N,N,Notional,USD,USD,USD,USD,USD,USD,GSGRP
2026-03-27,Interest Rate Products,GS,Goldman Sachs,7,BMO,79002,GS_AGR_002,36,2027-12-31,75000000,75000000,20000000,55000000,80000000,25000000,55000000,250000000,135000000,115000000,75000000,20000000,55000000,80000000,25000000,55000000,75000000,20000000,55000000,USA,AA,N,N,Notional,USD,USD,USD,USD,USD,USD,GSGRP
2026-01-27,Derivative Products,JPM,JP Morgan Chase,7,BCMC,80000,JPM_AGR_001,36,2027-12-31,120000000,120000000,100000000,20000000,350000000,180000000,170000000,400000000,200000000,200000000,120000000,100000000,20000000,350000000,180000000,170000000,120000000,100000000,20000000,USA,AA,Y,Y,Notional,USD,USD,USD,USD,USD,USD,JPMGRP
2026-01-27,FX Forward,JPM,JP Morgan Chase,7,BCMC,80001,JPM_AGR_001,36,2027-12-31,90000000,90000000,50000000,40000000,350000000,180000000,170000000,400000000,200000000,200000000,90000000,50000000,40000000,350000000,180000000,170000000,90000000,50000000,40000000,USA,AA,Y,N,Notional,USD,USD,USD,USD,USD,USD,JPMGRP
2026-01-27,Equity Products,JPM,JP Morgan Chase,7,BNBI,80002,JPM_AGR_002,36,2027-12-31,60000000,60000000,30000000,30000000,150000000,55000000,95000000,400000000,200000000,200000000,60000000,30000000,30000000,150000000,55000000,95000000,60000000,30000000,30000000,USA,AA,N,N,Notional,USD,USD,USD,USD,USD,USD,JPMGRP
2026-02-27,Derivative Products,JPM,JP Morgan Chase,7,BCMC,80000,JPM_AGR_001,36,2027-12-31,120000000,120000000,90000000,30000000,350000000,170000000,180000000,400000000,190000000,210000000,120000000,90000000,30000000,350000000,170000000,180000000,120000000,90000000,30000000,USA,AA,Y,Y,Notional,USD,USD,USD,USD,USD,USD,JPMGRP
2026-02-27,FX Forward,JPM,JP Morgan Chase,7,BCMC,80001,JPM_AGR_001,36,2027-12-31,90000000,90000000,50000000,40000000,350000000,170000000,180000000,400000000,190000000,210000000,90000000,50000000,40000000,350000000,170000000,180000000,90000000,50000000,40000000,USA,AA,Y,N,Notional,USD,USD,USD,USD,USD,USD,JPMGRP
2026-02-27,Equity Products,JPM,JP Morgan Chase,7,BNBI,80002,JPM_AGR_002,36,2027-12-31,60000000,60000000,30000000,30000000,150000000,55000000,95000000,400000000,190000000,210000000,60000000,30000000,30000000,150000000,55000000,95000000,60000000,30000000,30000000,USA,AA,N,N,Notional,USD,USD,USD,USD,USD,USD,JPMGRP
2026-03-25,Derivative Products,JPM,JP Morgan Chase,7,BCMC,80000,JPM_AGR_001,36,2027-12-31,120000000,120000000,80000000,40000000,350000000,160000000,190000000,400000000,180000000,220000000,120000000,80000000,40000000,350000000,160000000,190000000,120000000,80000000,40000000,USA,AA,Y,Y,Notional,USD,USD,USD,USD,USD,USD,JPMGRP
2026-03-25,FX Forward,JPM,JP Morgan Chase,7,BCMC,80001,JPM_AGR_001,36,2027-12-31,90000000,90000000,50000000,40000000,350000000,160000000,190000000,400000000,180000000,220000000,90000000,50000000,40000000,350000000,160000000,190000000,90000000,50000000,40000000,USA,AA,Y,N,Notional,USD,USD,USD,USD,USD,USD,JPMGRP
2026-03-25,Equity Products,JPM,JP Morgan Chase,7,BNBI,80002,JPM_AGR_002,36,2027-12-31,60000000,60000000,30000000,30000000,150000000,55000000,95000000,400000000,180000000,220000000,60000000,30000000,30000000,150000000,55000000,95000000,60000000,30000000,30000000,USA,AA,N,N,Notional,USD,USD,USD,USD,USD,USD,JPMGRP
2026-03-26,Derivative Products,JPM,JP Morgan Chase,7,BCMC,80000,JPM_AGR_001,36,2027-12-31,120000000,120000000,70000000,50000000,350000000,150000000,200000000,400000000,170000000,230000000,120000000,70000000,50000000,350000000,150000000,200000000,120000000,70000000,50000000,USA,AA,Y,Y,Notional,USD,USD,USD,USD,USD,USD,JPMGRP
2026-03-26,FX Forward,JPM,JP Morgan Chase,7,BCMC,80001,JPM_AGR_001,36,2027-12-31,90000000,90000000,50000000,40000000,350000000,150000000,200000000,400000000,170000000,230000000,90000000,50000000,40000000,350000000,150000000,200000000,90000000,50000000,40000000,USA,AA,Y,N,Notional,USD,USD,USD,USD,USD,USD,JPMGRP
2026-03-26,Equity Products,JPM,JP Morgan Chase,7,BNBI,80002,JPM_AGR_002,36,2027-12-31,60000000,60000000,30000000,30000000,150000000,55000000,95000000,400000000,170000000,230000000,60000000,30000000,30000000,150000000,55000000,95000000,60000000,30000000,30000000,USA,AA,N,N,Notional,USD,USD,USD,USD,USD,USD,JPMGRP
2026-03-27,Derivative Products,JPM,JP Morgan Chase,7,BCMC,80000,JPM_AGR_001,36,2027-12-31,120000000,120000000,60000000,60000000,350000000,140000000,210000000,400000000,160000000,240000000,120000000,60000000,60000000,350000000,140000000,210000000,120000000,60000000,60000000,USA,AA,Y,Y,Notional,USD,USD,USD,USD,USD,USD,JPMGRP
2026-03-27,FX Forward,JPM,JP Morgan Chase,7,BCMC,80001,JPM_AGR_001,36,2027-12-31,90000000,90000000,50000000,40000000,350000000,140000000,210000000,400000000,160000000,240000000,90000000,50000000,40000000,350000000,140000000,210000000,90000000,50000000,40000000,USA,AA,Y,N,Notional,USD,USD,USD,USD,USD,USD,JPMGRP
2026-03-27,Equity Products,JPM,JP Morgan Chase,7,BNBI,80002,JPM_AGR_002,36,2027-12-31,60000000,60000000,30000000,30000000,150000000,55000000,95000000,400000000,160000000,240000000,60000000,30000000,30000000,150000000,55000000,95000000,60000000,30000000,30000000,USA,AA,N,N,Notional,USD,USD,USD,USD,USD,USD,JPMGRP
2026-01-27,Derivative Products,DB,Deutsche Bank,5,BCMC,81000,DB_AGR_001,36,2027-12-31,50000000,50000000,35000000,15000000,80000000,60000000,20000000,120000000,70000000,50000000,50000000,35000000,15000000,80000000,60000000,20000000,50000000,35000000,15000000,GERMANY,A,Y,Y,Notional,USD,USD,USD,USD,USD,USD,DBGRP
2026-01-27,FX Forward,DB,Deutsche Bank,5,BCMC,81001,DB_AGR_001,36,2027-12-31,40000000,40000000,25000000,15000000,80000000,60000000,20000000,120000000,70000000,50000000,40000000,25000000,15000000,80000000,60000000,20000000,40000000,25000000,15000000,GERMANY,A,Y,Y,Notional,USD,USD,USD,USD,USD,USD,DBGRP
2026-02-27,Derivative Products,DB,Deutsche Bank,5,BCMC,81000,DB_AGR_001,36,2027-12-31,50000000,50000000,35000000,15000000,80000000,65000000,15000000,120000000,75000000,45000000,50000000,35000000,15000000,80000000,65000000,15000000,50000000,35000000,15000000,GERMANY,A,Y,Y,Notional,USD,USD,USD,USD,USD,USD,DBGRP
2026-02-27,FX Forward,DB,Deutsche Bank,5,BCMC,81001,DB_AGR_001,36,2027-12-31,40000000,40000000,25000000,15000000,80000000,65000000,15000000,120000000,75000000,45000000,40000000,25000000,15000000,80000000,65000000,15000000,40000000,25000000,15000000,GERMANY,A,Y,Y,Notional,USD,USD,USD,USD,USD,USD,DBGRP
2026-03-25,Derivative Products,DB,Deutsche Bank,5,BCMC,81000,DB_AGR_001,36,2027-12-31,50000000,50000000,35000000,15000000,80000000,72000000,8000000,120000000,82000000,38000000,50000000,35000000,15000000,80000000,72000000,8000000,50000000,35000000,15000000,GERMANY,A,Y,Y,Notional,USD,USD,USD,USD,USD,USD,DBGRP
2026-03-25,FX Forward,DB,Deutsche Bank,5,BCMC,81001,DB_AGR_001,36,2027-12-31,40000000,40000000,25000000,15000000,80000000,72000000,8000000,120000000,82000000,38000000,40000000,25000000,15000000,80000000,72000000,8000000,40000000,25000000,15000000,GERMANY,A,Y,Y,Notional,USD,USD,USD,USD,USD,USD,DBGRP
2026-03-26,Derivative Products,DB,Deutsche Bank,5,BCMC,81000,DB_AGR_001,36,2027-12-31,50000000,50000000,35000000,15000000,80000000,78000000,2000000,120000000,88000000,32000000,50000000,35000000,15000000,80000000,78000000,2000000,50000000,35000000,15000000,GERMANY,A,Y,Y,Notional,USD,USD,USD,USD,USD,USD,DBGRP
2026-03-26,FX Forward,DB,Deutsche Bank,5,BCMC,81001,DB_AGR_001,36,2027-12-31,40000000,40000000,25000000,15000000,80000000,78000000,2000000,120000000,88000000,32000000,40000000,25000000,15000000,80000000,78000000,2000000,40000000,25000000,15000000,GERMANY,A,Y,Y,Notional,USD,USD,USD,USD,USD,USD,DBGRP
2026-03-27,Derivative Products,DB,Deutsche Bank,5,BCMC,81000,DB_AGR_001,36,2027-12-31,50000000,50000000,35000000,15000000,80000000,90000000,-10000000,120000000,100000000,20000000,50000000,35000000,15000000,80000000,90000000,-10000000,50000000,35000000,15000000,GERMANY,A,Y,Y,Notional,USD,USD,USD,USD,USD,USD,DBGRP
2026-03-27,FX Forward,DB,Deutsche Bank,5,BCMC,81001,DB_AGR_001,36,2027-12-31,40000000,40000000,25000000,15000000,80000000,90000000,-10000000,120000000,100000000,20000000,40000000,25000000,15000000,80000000,90000000,-10000000,40000000,25000000,15000000,GERMANY,A,Y,Y,Notional,USD,USD,USD,USD,USD,USD,DBGRP
2026-01-27,Derivative Products,CS,Credit Suisse,4,BCMC,82000,CS_AGR_001,36,2027-12-31,60000000,60000000,58000000,2000000,100000000,95000000,5000000,130000000,118000000,12000000,60000000,58000000,2000000,100000000,95000000,5000000,60000000,58000000,2000000,SWITZERLAND,BBB,Y,N,Notional,USD,USD,USD,USD,USD,USD,CSGRP
2026-01-27,FX Forward,CS,Credit Suisse,4,BCMC,82001,CS_AGR_001,36,2027-12-31,30000000,30000000,28000000,2000000,100000000,95000000,5000000,130000000,118000000,12000000,30000000,28000000,2000000,100000000,95000000,5000000,30000000,28000000,2000000,SWITZERLAND,BBB,N,N,Notional,USD,USD,USD,USD,USD,USD,CSGRP
2026-02-27,Derivative Products,CS,Credit Suisse,4,BCMC,82000,CS_AGR_001,36,2027-12-31,60000000,60000000,58000000,2000000,100000000,95000000,5000000,130000000,118000000,12000000,60000000,58000000,2000000,100000000,95000000,5000000,60000000,58000000,2000000,SWITZERLAND,BBB,Y,N,Notional,USD,USD,USD,USD,USD,USD,CSGRP
2026-02-27,FX Forward,CS,Credit Suisse,4,BCMC,82001,CS_AGR_001,36,2027-12-31,30000000,30000000,28000000,2000000,100000000,95000000,5000000,130000000,118000000,12000000,30000000,28000000,2000000,100000000,95000000,5000000,30000000,28000000,2000000,SWITZERLAND,BBB,N,N,Notional,USD,USD,USD,USD,USD,USD,CSGRP
2026-03-25,Derivative Products,CS,Credit Suisse,4,BCMC,82000,CS_AGR_001,36,2027-12-31,60000000,60000000,58000000,2000000,100000000,95000000,5000000,130000000,118000000,12000000,60000000,58000000,2000000,100000000,95000000,5000000,60000000,58000000,2000000,SWITZERLAND,BBB,Y,N,Notional,USD,USD,USD,USD,USD,USD,CSGRP
2026-03-25,FX Forward,CS,Credit Suisse,4,BCMC,82001,CS_AGR_001,36,2027-12-31,30000000,30000000,28000000,2000000,100000000,95000000,5000000,130000000,118000000,12000000,30000000,28000000,2000000,100000000,95000000,5000000,30000000,28000000,2000000,SWITZERLAND,BBB,N,N,Notional,USD,USD,USD,USD,USD,USD,CSGRP
2026-03-26,Derivative Products,CS,Credit Suisse,4,BCMC,82000,CS_AGR_001,36,2027-12-31,60000000,60000000,58000000,2000000,100000000,95000000,5000000,130000000,118000000,12000000,60000000,58000000,2000000,100000000,95000000,5000000,60000000,58000000,2000000,SWITZERLAND,BBB,Y,N,Notional,USD,USD,USD,USD,USD,USD,CSGRP
2026-03-26,FX Forward,CS,Credit Suisse,4,BCMC,82001,CS_AGR_001,36,2027-12-31,30000000,30000000,28000000,2000000,100000000,95000000,5000000,130000000,118000000,12000000,30000000,28000000,2000000,100000000,95000000,5000000,30000000,28000000,2000000,SWITZERLAND,BBB,N,N,Notional,USD,USD,USD,USD,USD,USD,CSGRP
2026-03-27,Derivative Products,CS,Credit Suisse,4,BCMC,82000,CS_AGR_001,36,2027-12-31,60000000,60000000,58000000,2000000,100000000,95000000,5000000,130000000,118000000,12000000,60000000,58000000,2000000,100000000,95000000,5000000,60000000,58000000,2000000,SWITZERLAND,BBB,Y,N,Notional,USD,USD,USD,USD,USD,USD,CSGRP
2026-03-27,FX Forward,CS,Credit Suisse,4,BCMC,82001,CS_AGR_001,36,2027-12-31,30000000,30000000,28000000,2000000,100000000,95000000,5000000,130000000,118000000,12000000,30000000,28000000,2000000,100000000,95000000,5000000,30000000,28000000,2000000,SWITZERLAND,BBB,N,N,Notional,USD,USD,USD,USD,USD,USD,CSGRP
2026-01-27,Derivative Products,RISK_CP,Risky Corp Ltd,3,BCMC,83000,RISK_AGR_001,36,2027-12-31,40000000,40000000,30000000,10000000,80000000,53000000,27000000,100000000,58000000,42000000,40000000,30000000,10000000,80000000,53000000,27000000,40000000,30000000,10000000,CAYMAN ISLANDS,BB,N,N,Notional,USD,USD,USD,USD,USD,USD,RISKGRP
2026-01-27,FX Forward,RISK_CP,Risky Corp Ltd,3,BCMC,83000,RISK_AGR_001,36,2027-12-31,25000000,25000000,15000000,10000000,80000000,53000000,27000000,100000000,58000000,42000000,25000000,15000000,10000000,80000000,53000000,27000000,25000000,15000000,10000000,CAYMAN ISLANDS,BB,N,N,Notional,USD,USD,USD,USD,USD,USD,RISKGRP
2026-01-27,Commodity Products,RISK_CP,Risky Corp Ltd,3,BCMC,83000,RISK_AGR_001,36,2027-12-31,20000000,20000000,8000000,12000000,80000000,53000000,27000000,100000000,58000000,42000000,20000000,8000000,12000000,80000000,53000000,27000000,20000000,8000000,12000000,CAYMAN ISLANDS,BB,N,N,Notional,USD,USD,USD,USD,USD,USD,RISKGRP
2026-02-27,Derivative Products,RISK_CP,Risky Corp Ltd,3,BCMC,83000,RISK_AGR_001,36,2027-12-31,40000000,40000000,35000000,5000000,80000000,63000000,17000000,100000000,68000000,32000000,40000000,35000000,5000000,80000000,63000000,17000000,40000000,35000000,5000000,CAYMAN ISLANDS,BB,N,N,Notional,USD,USD,USD,USD,USD,USD,RISKGRP
2026-02-27,FX Forward,RISK_CP,Risky Corp Ltd,3,BCMC,83000,RISK_AGR_001,36,2027-12-31,25000000,25000000,18000000,7000000,80000000,63000000,17000000,100000000,68000000,32000000,25000000,18000000,7000000,80000000,63000000,17000000,25000000,18000000,7000000,CAYMAN ISLANDS,BB,N,N,Notional,USD,USD,USD,USD,USD,USD,RISKGRP
2026-02-27,Commodity Products,RISK_CP,Risky Corp Ltd,3,BCMC,83000,RISK_AGR_001,36,2027-12-31,20000000,20000000,10000000,10000000,80000000,63000000,17000000,100000000,68000000,32000000,20000000,10000000,10000000,80000000,63000000,17000000,20000000,10000000,10000000,CAYMAN ISLANDS,BB,N,N,Notional,USD,USD,USD,USD,USD,USD,RISKGRP
2026-03-25,Derivative Products,RISK_CP,Risky Corp Ltd,3,BCMC,83000,RISK_AGR_001,36,2027-12-31,40000000,40000000,38000000,2000000,80000000,69000000,11000000,100000000,74000000,26000000,40000000,38000000,2000000,80000000,69000000,11000000,40000000,38000000,2000000,CAYMAN ISLANDS,BB,N,N,Notional,USD,USD,USD,USD,USD,USD,RISKGRP
2026-03-25,FX Forward,RISK_CP,Risky Corp Ltd,3,BCMC,83000,RISK_AGR_001,36,2027-12-31,25000000,25000000,20000000,5000000,80000000,69000000,11000000,100000000,74000000,26000000,25000000,20000000,5000000,80000000,69000000,11000000,25000000,20000000,5000000,CAYMAN ISLANDS,BB,N,N,Notional,USD,USD,USD,USD,USD,USD,RISKGRP
2026-03-25,Commodity Products,RISK_CP,Risky Corp Ltd,3,BCMC,83000,RISK_AGR_001,36,2027-12-31,20000000,20000000,11000000,9000000,80000000,69000000,11000000,100000000,74000000,26000000,20000000,11000000,9000000,80000000,69000000,11000000,20000000,11000000,9000000,CAYMAN ISLANDS,BB,N,N,Notional,USD,USD,USD,USD,USD,USD,RISKGRP
2026-03-26,Derivative Products,RISK_CP,Risky Corp Ltd,3,BCMC,83000,RISK_AGR_001,36,2027-12-31,40000000,40000000,42000000,-2000000,80000000,79000000,1000000,100000000,84000000,16000000,40000000,42000000,-2000000,80000000,79000000,1000000,40000000,42000000,-2000000,CAYMAN ISLANDS,BB,N,N,Notional,USD,USD,USD,USD,USD,USD,RISKGRP
2026-03-26,FX Forward,RISK_CP,Risky Corp Ltd,3,BCMC,83000,RISK_AGR_001,36,2027-12-31,25000000,25000000,23000000,2000000,80000000,79000000,1000000,100000000,84000000,16000000,25000000,23000000,2000000,80000000,79000000,1000000,25000000,23000000,2000000,CAYMAN ISLANDS,BB,N,N,Notional,USD,USD,USD,USD,USD,USD,RISKGRP
2026-03-26,Commodity Products,RISK_CP,Risky Corp Ltd,3,BCMC,83000,RISK_AGR_001,36,2027-12-31,20000000,20000000,14000000,6000000,80000000,79000000,1000000,100000000,84000000,16000000,20000000,14000000,6000000,80000000,79000000,1000000,20000000,14000000,6000000,CAYMAN ISLANDS,BB,N,N,Notional,USD,USD,USD,USD,USD,USD,RISKGRP
2026-03-27,Derivative Products,RISK_CP,Risky Corp Ltd,3,BCMC,83000,RISK_AGR_001,36,2027-12-31,40000000,40000000,52000000,-12000000,80000000,107000000,-27000000,100000000,112000000,-12000000,40000000,52000000,-12000000,80000000,107000000,-27000000,40000000,52000000,-12000000,CAYMAN ISLANDS,BB,N,N,Notional,USD,USD,USD,USD,USD,USD,RISKGRP
2026-03-27,FX Forward,RISK_CP,Risky Corp Ltd,3,BCMC,83000,RISK_AGR_001,36,2027-12-31,25000000,25000000,33000000,-8000000,80000000,107000000,-27000000,100000000,112000000,-12000000,25000000,33000000,-8000000,80000000,107000000,-27000000,25000000,33000000,-8000000,CAYMAN ISLANDS,BB,N,N,Notional,USD,USD,USD,USD,USD,USD,RISKGRP
2026-03-27,Commodity Products,RISK_CP,Risky Corp Ltd,3,BCMC,83000,RISK_AGR_001,36,2027-12-31,20000000,20000000,22000000,-2000000,80000000,107000000,-27000000,100000000,112000000,-12000000,20000000,22000000,-2000000,80000000,107000000,-27000000,20000000,22000000,-2000000,CAYMAN ISLANDS,BB,N,N,Notional,USD,USD,USD,USD,USD,USD,RISKGRP
